Fecha,USD_CAD,USD_AUD,USD_AUD_log_dif_volatility,USD_CAD_log_dif_volatility
2021-04-07,1.2609,1.3137,0.6721174007261281,0.34160907103339394
2021-04-08,1.2562,1.3066,-0.5419240068812468,-0.37344606589002777
2021-04-09,1.253,1.3125,0.45053720591288793,-0.25506151242121655
2021-04-10,1.253,1.3125,0.0,0.0
2021-04-11,1.253,1.3125,0.0,0.0
2021-04-12,1.2563,1.3117,-0.06097096446787193,0.2630217114303981
2021-04-13,1.2535,1.3082,-0.26718592939876973,-0.22312544120240224
2021-04-14,1.2521,1.2948,-1.0295903475023138,-0.11174969234461493
2021-04-15,1.2543,1.2901,-0.3636508320998308,0.1755506355727023
2021-04-16,1.2508,1.2928,0.20906740357399056,-0.27943014469428373
2021-04-17,1.2508,1.2928,0.0,0.0
2021-04-18,1.2508,1.2928,0.0,0.0
2021-04-19,1.2535,1.289,-0.2943684827643562,0.2156292014661936
2021-04-20,1.2609,1.2947,0.4412284125414113,0.5886113080832414
2021-04-21,1.2497,1.2897,-0.3869374894255924,-0.8922229187442621
2021-04-22,1.2507,1.2975,0.6029702869698118,0.0799872063122801
2021-04-23,1.2476,1.2909,-0.5099686527380168,-0.24816888212125876
2021-04-24,1.2476,1.2909,0.0,0.0
2021-04-25,1.2476,1.2909,0.0,0.0
2021-04-26,1.2398,1.2821,-0.6840290954008608,-0.6271629465829189
2021-04-27,1.2399,1.2875,0.4202994979236237,0.008065491797736442
2021-04-28,1.2314,1.2835,-0.31116322266961405,-0.6878997708686562
2021-04-29,1.2283,1.2878,0.3344614792887948,-0.2520633932061106
2021-04-30,1.2287,1.2966,0.6810117636812197,0.03256003284767467
2021-05-01,1.2287,1.2966,0.0,0.0
2021-05-02,1.2287,1.2966,0.0,0.0
2021-05-03,1.2279,1.2884,-0.6344315283851552,-0.06513067070584384
2021-05-04,1.2309,1.2971,0.6729864889583524,0.2440215949783268
2021-05-05,1.2267,1.2907,-0.494629650548536,-0.3417972077543985
2021-05-06,1.2149,1.2845,-0.4815169291203773,-0.9665868178009676
2021-05-07,1.2133,1.2749,-0.7501793405861714,-0.13178488028691313
2021-05-08,1.2133,1.2749,0.0,0.0
2021-05-09,1.2133,1.2749,0.0,0.0
2021-05-10,1.2102,1.2772,0.18024376965503539,-0.2558284869606368
2021-05-11,1.2102,1.2755,-0.13319232587607147,0.0
2021-05-12,1.2134,1.2945,1.4786261609726064,0.26407013199765356
2021-05-13,1.2162,1.2938,-0.05408955817072676,0.2304907177811739
2021-05-14,1.2104,1.2849,-0.6902730320450114,-0.478036021186323
2021-05-15,1.2104,1.2849,0.0,0.0
2021-05-16,1.2104,1.2849,0.0,0.0
2021-05-17,1.2068,1.2874,0.19437863290806193,-0.29786551892399393
2021-05-18,1.2066,1.2837,-0.28781475276346336,-0.016574127824483562
2021-05-19,1.2133,1.2942,0.8146210532284722,0.5537433051166193
2021-05-20,1.2061,1.2861,-0.6278360351124551,-0.5951906468630156
2021-05-21,1.2066,1.2938,0.5969241337843952,0.041447341746397116
2021-05-22,1.2066,1.2938,0.0,0.0
2021-05-23,1.2066,1.2938,0.0,0.0
2021-05-24,1.2044,1.2898,-0.3096457033607999,-0.18249693990826302
2021-05-25,1.2067,1.2897,-0.007753440593141472,0.19078434719764553
2021-05-26,1.2123,1.2915,0.13947003655495568,0.4630020672982337
2021-05-27,1.2066,1.2915,0.0,-0.4712894745876323
2021-05-28,1.2076,1.2963,0.37097190701020066,0.08284318260223675
2021-05-29,1.2076,1.2963,0.0,0.0
2021-05-30,1.2076,1.2963,0.0,0.0
2021-05-31,1.2064,1.293,-0.25489528341397694,-0.09942005789921825
2021-06-01,1.2071,1.2898,-0.24779321955803543,0.05800704533898984
2021-06-02,1.2035,1.2901,0.0232567154813771,-0.2986810483954743
2021-06-03,1.2107,1.3055,1.1866374408092673,0.5964726490567972
2021-06-04,1.2084,1.2917,-1.0626928901213761,-0.19015342011778757
2021-06-05,1.2084,1.2917,0.0,0.0
2021-06-06,1.2084,1.2917,0.0,0.0
2021-06-07,1.2082,1.2894,-0.1782186361450007,-0.016552180787600932
2021-06-08,1.2111,1.2923,0.2246582654625785,0.23973888223641562
2021-06-09,1.2111,1.2933,0.0773514890052824,0.0
2021-06-10,1.2096,1.2898,-0.2709923844921516,-0.12393111017363705
2021-06-11,1.2158,1.2979,0.6260406117436194,0.5112569889353584
2021-06-12,1.2158,1.2979,0.0,0.0
2021-06-13,1.2158,1.2979,0.0,0.0
2021-06-14,1.2144,1.2968,-0.084788227224698,-0.11521686732567456
2021-06-15,1.2184,1.3008,0.3079768372079761,0.32883949395866297
2021-06-16,1.2277,1.3141,1.0172560856046364,0.7603977605842259
2021-06-17,1.2358,1.3242,0.7656482841153253,0.6576033440084926
2021-06-18,1.2465,1.3371,0.9694586129874098,0.8621090336733257
2021-06-19,1.2465,1.3371,0.0,0.0
2021-06-20,1.2465,1.3371,0.0,0.0
2021-06-21,1.2363,1.3264,-0.8034584239589214,-0.8216575950731257
2021-06-22,1.2306,1.3238,-0.1962116696208006,-0.462119270649147
2021-06-23,1.2306,1.3197,-0.31019506620386406,0.0
2021-06-24,1.2324,1.3187,-0.07580352091304987,0.14616324161228553
2021-06-25,1.2292,1.3173,-0.10622155778719775,-0.25999364661831237
2021-06-26,1.2292,1.3173,0.0,0.0
2021-06-27,1.2292,1.3173,0.0,0.0
2021-06-28,1.2337,1.3215,0.31832678085624894,0.36542328210893354
2021-06-29,1.2401,1.3312,0.7313336022600258,0.5174237431307621
2021-06-30,1.2398,1.3335,0.17262735551247627,-0.02419452409076333
2021-07-01,1.2437,1.3385,0.37425193383382743,0.3140731391876221
2021-07-02,1.2322,1.3286,-0.742382772926645,-0.9289618079225096
2021-07-03,1.2322,1.3286,0.0,0.0
2021-07-04,1.2322,1.3286,0.0,0.0
2021-07-05,1.2342,1.3281,-0.037640682493572664,0.1621797306496107
2021-07-06,1.2461,1.3342,0.4582511869210041,0.9595687061855336
2021-07-07,1.2481,1.3365,0.17223953035585327,0.16037209755860535
2021-07-08,1.2534,1.3455,0.6711434587986778,0.423746386616715
2021-07-09,1.2447,1.3349,-0.7909308505273761,-0.6965321783643343
2021-07-10,1.2447,1.3349,0.0,0.0
2021-07-11,1.2447,1.3349,0.0,0.0
2021-07-12,1.2453,1.3368,0.1422315619497296,0.04819277201708726
2021-07-13,1.2513,1.3429,0.4552756305945666,0.48065461439064044
2021-07-14,1.2509,1.3369,-0.44779535980526863,-0.03197186503136959
2021-07-15,1.2595,1.3473,0.7749088772725118,0.6851524571969312
2021-07-16,1.2613,1.3516,0.31864860783328575,0.1428118300482533
2021-07-17,1.2613,1.3516,0.0,0.0
2021-07-18,1.2613,1.3516,0.0,0.0
2021-07-19,1.275,1.3615,0.7297957273679359,1.080324349937883
2021-07-20,1.2682,1.3643,0.20544434550142524,-0.5347606326595242
2021-07-21,1.2556,1.3592,-0.37451852111062917,-0.9985026298132746
2021-07-22,1.2563,1.3548,-0.3242449414105547,0.055734704257358984
2021-07-23,1.2564,1.3576,0.20645929763998516,0.007959565411940712
2021-07-24,1.2564,1.3576,0.0,0.0
2021-07-25,1.2564,1.3576,0.0,0.0
2021-07-26,1.2551,1.3549,-0.19907840676310234,-0.10352379980908992
2021-07-27,1.2602,1.3588,0.2874306434043508,0.4055187841554565
2021-07-28,1.2528,1.3562,-0.19152860366871152,-0.588939227141648
2021-07-29,1.2448,1.3521,-0.30277318850294277,-0.6406171812411516
2021-07-30,1.2475,1.3615,0.692809374910187,0.2166674201546793
2021-07-31,1.2475,1.3615,0.0,0.0
2021-08-01,1.2475,1.3615,0.0,0.0
2021-08-02,1.251,1.3579,-0.26476444090651585,0.2801682841237346
2021-08-03,1.2539,1.3523,-0.41325422254349164,0.23154627295810967
2021-08-04,1.254,1.3551,0.2068405849353963,0.007974799637375142
2021-08-05,1.2506,1.3504,-0.34744074869754427,-0.27150060596685627
2021-08-06,1.2554,1.3595,0.6716140230832658,0.38308107502338967
2021-08-07,1.2554,1.3595,0.0,0.0
2021-08-08,1.2554,1.3595,0.0,0.0
2021-08-09,1.2577,1.3641,0.33778854265493163,0.18304091696785652
2021-08-10,1.252,1.3608,-0.24221084174226754,-0.45423833930661045
2021-08-11,1.2504,1.3562,-0.3386090831910266,-0.1278772552776976
2021-08-12,1.2526,1.363,0.5001481446790903,0.17578909840456194
2021-08-13,1.2515,1.3564,-0.4854021445049062,-0.08785592194834539
2021-08-14,1.2515,1.3564,0.0,0.0
2021-08-15,1.2515,1.3564,0.0,0.0
2021-08-16,1.2574,1.3631,0.4927386325313799,0.4703265077131762
2021-08-17,1.2629,1.3782,1.101678234631029,0.4364566703163538
2021-08-18,1.2658,1.382,0.27534254045075585,0.22936696890807654
2021-08-19,1.2828,1.3992,1.2368919376777179,1.3340855477794729
2021-08-20,1.2821,1.4013,0.14997324717797822,-0.05458302603448497
2021-08-21,1.2821,1.4013,0.0,0.0
2021-08-22,1.2821,1.4013,0.0,0.0
2021-08-23,1.2654,1.3871,-1.0185140406927575,-1.3111080845871024
2021-08-24,1.2589,1.3777,-0.6799794718691119,-0.5149953940570524
2021-08-25,1.2591,1.3743,-0.247093148974714,0.015885623544155788
2021-08-26,1.2687,1.3819,0.5514853248632829,0.759557413889751
2021-08-27,1.262,1.3675,-1.0475108513302689,-0.5294990045394059
2021-08-28,1.262,1.3675,0.0,0.0
2021-08-29,1.262,1.3675,0.0,0.0
2021-08-30,1.2606,1.3706,0.2264344855587054,-0.11099660221487904
2021-08-31,1.2616,1.367,-0.26300424277737733,0.07929585698190478
2021-09-01,1.262,1.3574,-0.7047452454291572,0.03170074523298079
2021-09-02,1.2553,1.3511,-0.46520298037445096,-0.532317627699564
2021-09-03,1.2524,1.3412,-0.7354339873839918,-0.23128773719121595
2021-09-04,1.2524,1.3412,0.0,0.0
2021-09-05,1.2524,1.3412,0.0,0.0
2021-09-06,1.2534,1.3441,0.2159908485029248,0.07981483383245652
2021-09-07,1.2647,1.3539,0.7264672423962567,0.897508109535538
2021-09-08,1.2691,1.3578,0.2876426366481255,0.3473047930187855
2021-09-09,1.2664,1.3571,-0.05156727802215824,-0.21297582493162107
2021-09-10,1.2692,1.3602,0.2281677654213447,0.22085511422381857
2021-09-11,1.2692,1.3602,0.0,0.0
2021-09-12,1.2692,1.3602,0.0,0.0
2021-09-13,1.2648,1.3569,-0.242906158963117,-0.3472773813778432
2021-09-14,1.2694,1.3659,0.6610865856938827,0.3630340977107492
2021-09-15,1.263,1.3635,-0.1758628723202853,-0.5054504521878732
2021-09-16,1.2683,1.3712,0.5631345557872197,0.41875777228928424
2021-09-17,1.2764,1.3754,0.30583290422202825,0.6366194330704644
2021-09-18,1.2764,1.3754,0.0,0.0
2021-09-19,1.2764,1.3754,0.0,0.0
2021-09-20,1.2822,1.3789,0.25414819619597206,0.45337371490684236
2021-09-21,1.282,1.3827,0.27520295468767736,-0.01559940725415847
2021-09-22,1.2772,1.3812,-0.10854228787350753,-0.37511766399885593
2021-09-23,1.2655,1.3707,-0.7631128278501742,-0.9202880855448017
2021-09-24,1.2652,1.3779,0.5239042762521774,-0.023708855368494014
2021-09-25,1.2652,1.3779,0.0,0.0
2021-09-26,1.2652,1.3779,0.0,0.0
2021-09-27,1.2628,1.3725,-0.3926706616171641,-0.18987347476572755
2021-09-28,1.2687,1.3816,0.6608353448783004,0.46612764627159065
2021-09-29,1.2757,1.3937,0.8719833292995036,0.550229339769188
2021-09-30,1.268,1.3837,-0.7201010450125248,-0.6054191547073118
2021-10-01,1.2648,1.3768,-0.49991047780089326,-0.2526849101909022
2021-10-02,1.2648,1.3768,0.0,0.0
2021-10-03,1.2648,1.3768,0.0,0.0
2021-10-04,1.2589,1.372,-0.3492436611499049,-0.46756831230486573
2021-10-05,1.2583,1.3718,-0.01457832206096891,-0.04767201742912657
2021-10-06,1.259,1.375,0.2329985035450815,0.055615144642492495
2021-10-07,1.2551,1.3674,-0.554260462097808,-0.3102504377946525
2021-10-08,1.2472,1.3684,0.07310476237561571,-0.6314211922833779
2021-10-09,1.2472,1.3684,0.0,0.0
2021-10-10,1.2472,1.3684,0.0,0.0
2021-10-11,1.2483,1.3611,-0.5348977765421729,0.08815869134384478
2021-10-12,1.2468,1.3607,-0.029392314121511526,-0.12023567638233244
2021-10-13,1.2443,1.3553,-0.39764411748425793,-0.2007146111596437
2021-10-14,1.237,1.3485,-0.50299684421856,-0.5884029389097509
2021-10-15,1.2368,1.3474,-0.0816054053225234,-0.016169455933056635
2021-10-16,1.2368,1.3474,0.0,0.0
2021-10-17,1.2368,1.3474,0.0,0.0
2021-10-18,1.2379,1.3492,0.1335014660935727,0.08889967046072446
2021-10-19,1.2363,1.338,-0.8335862499321344,-0.12933475248833026
2021-10-20,1.2321,1.3306,-0.5545993380386663,-0.34030173822587234
2021-10-21,1.2368,1.3392,0.6442452427423698,0.3807368202534869
2021-10-22,1.2366,1.3391,-0.007467423369040802,-0.016172070868916942
2021-10-23,1.2366,1.3391,0.0,0.0
2021-10-24,1.2366,1.3391,0.0,0.0
2021-10-25,1.2382,1.3348,-0.32162786243015257,0.12930339606634952
2021-10-26,1.239,1.3332,-0.11994004436343486,0.06458905440107411
2021-10-27,1.2359,1.3301,-0.23279400743339979,-0.2505153033452778
2021-10-28,1.2346,1.3256,-0.3388940246897526,-0.10524186358942902
2021-10-29,1.2388,1.3301,0.33889402468974195,0.33961381392521983
2021-10-30,1.2388,1.3301,0.0,0.0
2021-10-31,1.2388,1.3301,0.0,0.0
2021-11-01,1.2369,1.3294,-0.05264147517692105,-0.15349197180835905
2021-11-02,1.2411,1.3459,1.233522163218852,0.3389833754511524
2021-11-03,1.2391,1.3428,-0.2305948133790166,-0.16127735130283122
2021-11-04,1.2456,1.3513,0.6310105938160404,0.5232031897341249
2021-11-05,1.2457,1.3513,0.0,0.008027937225843449
2021-11-06,1.2457,1.3513,0.0,0.0
2021-11-07,1.2457,1.3513,0.0,0.0
2021-11-08,1.2442,1.3471,-0.31129583395180777,-0.12048678111276107
2021-11-09,1.2438,1.3554,0.6142479997490254,-0.0321543411130458
2021-11-10,1.2491,1.3649,0.6984552160137155,0.4252082302074638
2021-11-11,1.2579,1.3711,0.45321715004594254,0.7020371872963086
2021-11-12,1.255,1.364,-0.5191777959201774,-0.2308091278942508
2021-11-13,1.255,1.364,0.0,0.0
2021-11-14,1.255,1.364,0.0,0.0
2021-11-15,1.2516,1.3612,-0.20548957766568782,-0.2712839771157061
2021-11-16,1.2558,1.3692,0.5859964029279595,0.3350086885282027
2021-11-17,1.261,1.3761,0.5026783615205784,0.413223728491037
2021-11-18,1.2602,1.3741,-0.1454439933507369,-0.0634618456964326
2021-11-19,1.264,1.3824,0.6022147712062488,0.3010857198847744
2021-11-20,1.264,1.3824,0.0,0.0
2021-11-21,1.264,1.3824,0.0,0.0
2021-11-22,1.27,1.3841,0.12289898528651565,0.47356047458342504
2021-11-23,1.267,1.3836,-0.036131083964269936,-0.23649991314979674
2021-11-24,1.2668,1.3897,0.43990984295225694,-0.015786565665426043
2021-11-25,1.2648,1.3908,0.07912246411700868,-0.1580028769222503
2021-11-26,1.2791,1.404,0.9446184452050116,1.124269871008514
2021-11-27,1.2791,1.404,0.0,0.0
2021-11-28,1.2791,1.404,0.0,0.0
2021-11-29,1.2741,1.4,-0.28530689824063993,-0.3916658618012222
2021-11-30,1.2779,1.403,0.21405644991110379,0.297805862732251
2021-12-01,1.2818,1.4073,0.3060173900061097,0.30472344554689057
2021-12-02,1.281,1.4099,0.18458048687933415,-0.06243171733923133
2021-12-03,1.2843,1.429,1.3456119058552165,0.25727999222760284
2021-12-04,1.2843,1.429,0.0,0.0
2021-12-05,1.2843,1.429,0.0,0.0
2021-12-06,1.2756,1.4181,-0.7656951462567108,-0.6797166683107486
2021-12-07,1.2639,1.4046,-0.9565382742380122,-0.9214477482822034
2021-12-08,1.2654,1.3943,-0.7360067523944782,0.11860990597033266
2021-12-09,1.2713,1.3993,0.3579614360692366,0.46517212432929606
2021-12-10,1.2722,1.3944,-0.3507896355856494,0.0707686288626895
2021-12-11,1.2722,1.3944,0.0,0.0
2021-12-12,1.2722,1.3944,0.0,0.0
2021-12-13,1.2807,1.402,0.5435573388724209,0.6659118187322264
2021-12-14,1.2862,1.4075,0.3915292419310043,0.4285331268736843
2021-12-15,1.2834,1.3943,-0.9422583812870083,-0.21793283843477676
2021-12-16,1.2775,1.392,-0.16509353066105348,-0.4607763238555463
2021-12-17,1.2889,1.4036,0.8298802814695064,0.8884098332874281
2021-12-18,1.2889,1.4036,0.0,0.0
2021-12-19,1.2889,1.4036,0.0,0.0
2021-12-20,1.294,1.4062,0.1850666056000852,0.39490546501120105
2021-12-21,1.2914,1.3977,-0.6063002274200193,-0.20112948684792245
2021-12-22,1.2836,1.3863,-0.8189700946530223,-0.6058270956664868
2021-12-23,1.281,1.3803,-0.43374607147978145,-0.2027607338967643
2021-12-24,1.2815,1.3847,0.31826428311356103,0.03902439073916661
2021-12-25,1.2815,1.3847,0.0,0.0
2021-12-26,1.2815,1.3847,0.0,0.0
2021-12-27,1.2789,1.3814,-0.23860320057957551,-0.20309333648515596
2021-12-28,1.2822,1.3836,0.15913204081410373,0.25770191138827714
2021-12-29,1.2791,1.3796,-0.28951960003278226,-0.24206469478095924
2021-12-30,1.2741,1.3793,-0.021747798121166895,-0.3916658618012222
2021-12-31,1.2637,1.3769,-0.1741528631147475,-0.8196121222700128
2022-01-01,1.2637,1.3769,0.0,0.0
2022-01-02,1.2637,1.3769,0.0,0.0
2022-01-03,1.2745,1.3907,0.997262203423839,0.8510019051534916
2022-01-04,1.2708,1.381,-0.6999343075273126,-0.2907321420809028
2022-01-05,1.2756,1.3848,0.27478504527073416,0.37700327405416095
2022-01-06,1.2729,1.3958,0.7912002721051661,-0.21188942595138172
2022-01-07,1.2643,1.3926,-0.22952240746048302,-0.6779152558536752
2022-01-08,1.2643,1.3926,0.0,0.0
2022-01-09,1.2643,1.3926,0.0,0.0
2022-01-10,1.2679,1.3938,0.08613264959720907,0.2843379216050242
2022-01-11,1.2575,1.3869,-0.4962789342128902,-0.8236365560007999
2022-01-12,1.2509,1.3729,-1.0145749758730243,-0.5262330753198771
2022-01-13,1.252,1.3733,0.029131163267695385,0.08789804393481568
2022-01-14,1.2552,1.3867,0.9710221223582484,0.255264975877899
2022-01-15,1.2552,1.3867,0.0,0.0
2022-01-16,1.2552,1.3867,0.0,0.0
2022-01-17,1.2516,1.3868,0.00721110510498082,-0.287218962409585
2022-01-18,1.2514,1.3919,0.3670785422486438,-0.015980823046396128
2022-01-19,1.2515,1.3868,-0.3670785422486408,0.007990730756587041
2022-01-20,1.2503,1.3838,-0.2165596746157716,-0.0959309370875017
2022-01-21,1.2581,1.3924,0.6195538872573345,0.6219123856131158
2022-01-22,1.2581,1.3924,0.0,0.0
2022-01-23,1.2581,1.3924,0.0,0.0
2022-01-24,1.2638,1.3997,0.5229050989316237,0.4520408982269709
2022-01-25,1.2629,1.3981,-0.11437559328212694,-0.0712391687230537
2022-01-26,1.267,1.4055,0.5278939352807731,0.32412376690146405
2022-01-27,1.2742,1.4217,1.146022729506579,0.5666629361248801
2022-01-28,1.277,1.4305,0.6170694848512676,0.2195046350151333
2022-01-29,1.277,1.4305,0.0,0.0
2022-01-30,1.277,1.4305,0.0,0.0
2022-01-31,1.2708,1.4147,-1.1106539025276325,-0.48669536371782357
2022-02-01,1.2687,1.4028,-0.8447255198865611,-0.16538692488085172
2022-02-02,1.2669,1.4015,-0.09271476611800697,-0.14197825385449728
2022-02-03,1.2678,1.4006,-0.06423753834254996,0.07101432420586287
2022-02-04,1.2757,1.4139,0.9451127376377514,0.6211932694178423
2022-02-05,1.2757,1.4139,0.0,0.0
2022-02-06,1.2757,1.4139,0.0,0.0
2022-02-07,1.2667,1.4033,-0.7525237840704733,-0.7079954054657629
2022-02-08,1.2708,1.3993,-0.285449419542238,0.3231529905774171
2022-02-09,1.267,1.3929,-0.4584206867681915,-0.299472207422208
2022-02-10,1.2719,1.3953,0.17215412041753747,0.38599441362999326
2022-02-11,1.2737,1.4013,0.4290931278011097,0.14142051382750387
2022-02-12,1.2737,1.4013,0.0,0.0
2022-02-13,1.2737,1.4013,0.0,0.0
2022-02-14,1.273,1.4031,0.12836972237781274,-0.05497310383073656
2022-02-15,1.2718,1.3983,-0.3426861353145235,-0.09430997240989852
2022-02-16,1.2687,1.3899,-0.6025410956092659,-0.24404656867549282
2022-02-17,1.2708,1.3913,0.10067597571187742,0.16538692488085327
2022-02-18,1.2752,1.3933,0.1436472271714912,0.34564056405894333
2022-02-19,1.2752,1.3933,0.0,0.0
2022-02-20,1.2752,1.3933,0.0,0.0
2022-02-21,1.2753,1.3908,-0.1795912985839677,0.007841599690374755
2022-02-22,1.277,1.3853,-0.39623984698730697,0.13321319996850758
2022-02-23,1.2734,1.3825,-0.20232682673433758,-0.2823088449614155
2022-02-24,1.2816,1.3961,0.9789180598112294,0.6418808731169877
2022-02-25,1.2713,1.3825,-0.9789180598112275,-0.8069298358017948
2022-02-26,1.2713,1.3825,0.0,0.0
2022-02-27,1.2713,1.3825,0.0,0.0
2022-02-28,1.2675,1.377,-0.39862346678350874,-0.2993542490738587
2022-03-01,1.2743,1.3786,0.11612717228965681,0.5350551752895214
2022-03-02,1.2631,1.3703,-0.603879749939611,-0.8827991438304041
2022-03-03,1.2681,1.3645,-0.4241632803762164,0.3950700460924382
2022-03-04,1.2731,1.3561,-0.617512805449354,0.3935153826745755
2022-03-05,1.2731,1.3561,0.0,0.0
2022-03-06,1.2731,1.3561,0.0,0.0
2022-03-07,1.282,1.3668,0.7859308147237093,0.6966487413015866
2022-03-08,1.2885,1.3753,0.6199647879525209,0.5057392611804292
2022-03-09,1.2809,1.3658,-0.6931551593673198,-0.5915795255329428
2022-03-10,1.2769,1.359,-0.49912023758451424,-0.3127690406454936
2022-03-11,1.2744,1.3714,0.9082980699120238,-0.19597858347966465
2022-03-12,1.2744,1.3714,0.0,0.0
2022-03-13,1.2744,1.3714,0.0,0.0
2022-03-14,1.2824,1.3912,1.4334568189809136,0.6257842699504493
2022-03-15,1.2765,1.3899,-0.09348819493610054,-0.4611364613804717
2022-03-16,1.2677,1.3715,-1.3326770713054452,-0.6917722736857482
2022-03-17,1.2628,1.3556,-1.1660870644761667,-0.38727572608444655
2022-03-18,1.2603,1.3488,-0.5028852485305219,-0.19816898403904473
2022-03-19,1.2603,1.3488,0.0,0.0
2022-03-20,1.2603,1.3488,0.0,0.0
2022-03-21,1.2593,1.3513,0.18517837964493522,-0.07937768316452504
2022-03-22,1.257,1.3387,-0.9368098252188275,-0.18280814215534227
2022-03-23,1.2562,1.3335,-0.38919291697831104,-0.06366385699669828
2022-03-24,1.2526,1.331,-0.18765252269572347,-0.28698999289679833
2022-03-25,1.2477,1.3307,-0.022541984541485295,-0.39195346743367065
2022-03-26,1.2477,1.3307,0.0,0.0
2022-03-27,1.2477,1.3307,0.0,0.0
2022-03-28,1.2518,1.3349,0.3151263111989953,0.32806590736254077
2022-03-29,1.2497,1.332,-0.21748105613521698,-0.1678992998863085
2022-03-30,1.2481,1.3316,-0.030034539946475026,-0.12811275673299788
2022-03-31,1.2505,1.3362,0.34485377905071213,0.1921076393265665
2022-04-01,1.2522,1.3331,-0.23227073717457686,0.13585329935363163
2022-04-02,1.2522,1.3331,0.0,0.0
2022-04-03,1.2522,1.3331,0.0,0.0
2022-04-04,1.2485,1.3258,-0.5491006312339978,-0.2959173591382163
2022-04-05,1.2487,1.3197,-0.4611612784507384,0.01601794012715811
2022-04-06,1.2544,1.3319,0.9202056184201012,0.4554360475044027
2022-04-07,1.2591,1.3371,0.38965954136349695,0.3739809411511509
2022-04-08,1.2572,1.3406,0.2614185303237576,-0.1510154084242321
2022-04-09,1.2572,1.3406,0.0,0.0
2022-04-10,1.2572,1.3406,0.0,0.0
2022-04-11,1.263,1.3481,0.5578918773161055,0.46028174270784
2022-04-12,1.2644,1.3415,-0.4907802831339697,0.11078579909716754
2022-04-13,1.2567,1.3415,0.0,-0.6108463720363821
2022-04-14,1.2603,1.3482,0.49819785536598415,0.2860550222347163
2022-04-15,1.261,1.3523,0.3036477059975623,0.05552691214734575
2022-04-16,1.261,1.3523,0.0,0.0
2022-04-17,1.261,1.3523,0.0,0.0
2022-04-18,1.2614,1.3606,0.6118932431646199,0.031715826463150756
2022-04-19,1.2618,1.3557,-0.360785282561678,0.031705770715819405
2022-04-20,1.2499,1.3421,-1.0082374681583315,-0.9475724840532953
2022-04-21,1.2581,1.3567,1.081972908750266,0.6539098260909048
2022-04-22,1.271,1.3805,1.7390471878946192,1.020134583236869
2022-04-23,1.271,1.3805,0.0,0.0
2022-04-24,1.271,1.3805,0.0,0.0
2022-04-25,1.2735,1.393,0.9013942409596573,0.1965023230057857
2022-04-26,1.2826,1.4038,0.7723150516515295,0.7120252295250797
2022-04-27,1.2819,1.4033,-0.03562395392310821,-0.054591539667348365
2022-04-28,1.2808,1.4089,0.39826523021410776,-0.08584696355841434
2022-04-29,1.2848,1.4162,0.5167970158442378,0.31181815099923177
2022-04-30,1.2848,1.4162,0.0,0.0
2022-05-01,1.2848,1.4162,0.0,0.0
2022-05-02,1.288,1.4182,0.14112336522227353,0.24875634718017076
2022-05-03,1.2841,1.4093,-0.629533467243087,-0.30325438270706706
2022-05-04,1.2747,1.3779,-2.253252619760801,-0.7347227048352787
2022-05-05,1.2834,1.4059,2.011706608600422,0.6801949527539507
2022-05-06,1.2875,1.4135,0.5391231047783395,0.31895472214763654
2022-05-07,1.2875,1.4135,0.0,0.0
2022-05-08,1.2875,1.4135,0.0,0.0
2022-05-09,1.3011,1.4389,1.7810034635726886,1.0507706971538804
2022-05-10,1.3027,1.4411,0.15277780749439548,0.12289731940882118
2022-05-11,1.2992,1.4414,0.02081526460248298,-0.2690343296104935
2022-05-12,1.3046,1.4588,1.19993164441846,0.41477899545822056
2022-05-13,1.2929,1.4412,-1.2138080060587009,-0.9008723101488023
2022-05-14,1.2929,1.4412,0.0,0.0
2022-05-15,1.2929,1.4412,0.0,0.0
2022-05-16,1.2846,1.4346,-0.45900351816041285,-0.6440371436815455
2022-05-17,1.2811,1.4229,-0.818902214068837,-0.27283019613041093
2022-05-18,1.289,1.438,1.0556216729346228,0.6147640076799334
2022-05-19,1.2825,1.4189,-1.3371335767724222,-0.505542589426273
2022-05-20,1.284,1.4202,0.09157832347254746,0.11689072049819618
2022-05-21,1.284,1.4202,0.0,0.0
2022-05-22,1.284,1.4202,0.0,0.0
2022-05-23,1.2767,1.4067,-0.9551170984342857,-0.570158142360143
2022-05-24,1.2819,1.4069,0.014216661951719643,0.4064728491783929
2022-05-25,1.2816,1.4109,0.28390962359444,-0.023405500399417398
2022-05-26,1.2773,1.4087,-0.15605053528508012,-0.3360822265363623
2022-05-27,1.2724,1.3963,-0.8841412318112118,-0.38435941737422097
2022-05-28,1.2724,1.3963,0.0,0.0
2022-05-29,1.2724,1.3963,0.0,0.0
2022-05-30,1.2655,1.3894,-0.49538816893686355,-0.5437579889810177
2022-05-31,1.2647,1.3933,0.28030348607656297,-0.06323610992481939
2022-06-01,1.2657,1.3939,0.043053961629460846,0.07903889124720248
2022-06-02,1.257,1.3765,-1.2561528153178543,-0.6897399208155395
2022-06-03,1.2594,1.3873,0.7815366504017762,0.1907487464395055
2022-06-04,1.2594,1.3873,0.0,0.0
2022-06-05,1.2594,1.3873,0.0,0.0
2022-06-06,1.258,1.3901,0.2016274896367046,-0.1112258794256518
2022-06-07,1.2532,1.3829,-0.5192943512434219,-0.38228781823491087
2022-06-08,1.256,1.3908,0.5696377663093719,0.22317879501073112
2022-06-09,1.2699,1.409,1.3001111764973878,1.1006089166843644
2022-06-10,1.2776,1.4195,0.7424464014345658,0.6045160705815077
2022-06-11,1.2776,1.4195,0.0,0.0
2022-06-12,1.2776,1.4195,0.0,0.0
2022-06-13,1.2899,1.4439,1.7043089064147545,0.9581378070287673
2022-06-14,1.295,1.455,0.7658114628419631,0.3945999162547704
2022-06-15,1.2891,1.428,-1.8731036706063238,-0.4566394684579057
2022-06-16,1.295,1.4192,-0.6181531344214629,0.45663946845789116
2022-06-17,1.303,1.4419,1.5868355757286234,0.6158602991207025
2022-06-18,1.303,1.4419,0.0,0.0
2022-06-19,1.303,1.4419,0.0,0.0
2022-06-20,1.2981,1.4384,-0.24303035952454302,-0.3767641225896249
2022-06-21,1.2922,1.4342,-0.2924182268881277,-0.45554647748836724
2022-06-22,1.2946,1.4438,0.6671324256586098,0.1855574987344737
2022-06-23,1.2996,1.4507,0.47676718397958434,0.3854757683535448
2022-06-24,1.2891,1.4407,-0.6917091977429172,-0.8112224345886212
2022-06-25,1.2891,1.4407,0.0,0.0
2022-06-26,1.2891,1.4407,0.0,0.0
2022-06-27,1.2877,1.444,0.22879338853442568,-0.1086619169320858
2022-06-28,1.2875,1.4481,0.283531188178527,-0.015532774184687795
2022-06-29,1.2893,1.4538,0.3928465715978163,0.13970818789006265
2022-06-30,1.2873,1.4483,-0.3790363243724482,-0.15524337512030154
2022-07-01,1.2899,1.467,1.2829044336171087,0.20176943055017554
2022-07-02,1.2899,1.467,0.0,0.0
2022-07-03,1.2899,1.467,0.0,0.0
2022-07-04,1.2861,1.4566,-0.7114546359167025,-0.2950312699049382
2022-07-05,1.3033,1.4703,0.9361508799796797,1.3285126264632874
2022-07-06,1.3042,1.4746,0.29203049719386065,0.06903164224278627
2022-07-07,1.2968,1.4621,-0.8513008132157859,-0.5690134537635626
2022-07-08,1.2947,1.4583,-0.26023847038728426,-0.16206833568647164
2022-07-09,1.2947,1.4583,0.0,0.0
2022-07-10,1.2947,1.4583,0.0,0.0
2022-07-11,1.3007,1.4847,1.7941357906430664,0.4623573005093482
2022-07-12,1.3022,1.4797,-0.33733671174614344,0.1152560733066651
2022-07-13,1.2974,1.4799,0.013515339931361621,-0.36928800238066417
2022-07-14,1.3118,1.482,0.14180089482298489,1.1037978080680033
2022-07-15,1.3032,1.4721,-0.670257409206484,-0.6577461571799864
2022-07-16,1.3032,1.4721,0.0,0.0
2022-07-17,1.3032,1.4721,0.0,0.0
2022-07-18,1.2977,1.4681,-0.27209050185527284,-0.42293115446503704
2022-07-19,1.287,1.4499,-1.247445922626654,-0.8279538147058257
2022-07-20,1.2884,1.4518,0.13095773315922235,0.10872098609170536
2022-07-21,1.2868,1.4422,-0.6634440368081197,-0.12426220921725603
2022-07-22,1.2916,1.4433,0.07624328908585638,0.37232435192489843
2022-07-23,1.2916,1.4433,0.0,0.0
2022-07-24,1.2916,1.4433,0.0,0.0
2022-07-25,1.2846,1.4377,-0.38875439449709587,-0.5434374060428162
2022-07-26,1.2887,1.441,0.22927025709752408,0.3186572470653301
2022-07-27,1.2825,1.4301,-0.759294512063251,-0.482266024942089
2022-07-28,1.2807,1.4307,0.04194630933988365,-0.1404494612898558
2022-07-29,1.2795,1.4315,0.055901056588130556,-0.09374268321825185
2022-07-30,1.2795,1.4315,0.0,0.0
2022-07-31,1.2795,1.4315,0.0,0.0
2022-08-01,1.2844,1.4238,-0.5393491868396851,0.3822306615515304
2022-08-02,1.2881,1.4452,1.4918366603712334,0.2876581186683364
2022-08-03,1.2843,1.4393,-0.4090836004860145,-0.2954441583032111
2022-08-04,1.2865,1.4345,-0.3340527847205538,0.17115299027887076
2022-08-05,1.2932,1.447,0.8676091210064392,0.5194414129479132
2022-08-06,1.2932,1.447,0.0,0.0
2022-08-07,1.2932,1.447,0.0,0.0
2022-08-08,1.2854,1.431,-1.1118947075032943,-0.6049812914092066
2022-08-09,1.2889,1.4355,0.3139720004667625,0.2719187473547912
2022-08-10,1.2776,1.4105,-1.7568969119067621,-0.8805823509931053
2022-08-11,1.2764,1.4074,-0.2200220909602535,-0.09397024967143515
2022-08-12,1.2782,1.4042,-0.22762849493001888,0.140922281209294
2022-08-13,1.2782,1.4042,0.0,0.0
2022-08-14,1.2782,1.4042,0.0,0.0
2022-08-15,1.2906,1.424,1.400206738877272,0.9654388285557982
2022-08-16,1.2845,1.4241,0.00702222534609651,-0.4737688951801115
2022-08-17,1.2913,1.4421,1.2560349342642707,0.527992530266764
2022-08-18,1.2948,1.4457,0.24932487463720804,0.2706780199483357
2022-08-19,1.2994,1.4546,0.6137315406043513,0.3546376394341385
2022-08-20,1.2994,1.4546,0.0,0.0
2022-08-21,1.2994,1.4546,0.0,0.0
2022-08-22,1.3056,1.4542,-0.027502750448380353,0.47600857634120086
2022-08-23,1.2955,1.4429,-0.7800943912746353,-0.7765984207677858
2022-08-24,1.2967,1.4474,0.31138661288172326,0.09258545526737066
2022-08-25,1.2924,1.4325,-1.0347673843132572,-0.3321620604495332
2022-08-26,1.3033,1.4499,1.207341893025343,0.8398554586330901
2022-08-27,1.3033,1.4499,0.0,0.0
2022-08-28,1.3033,1.4499,0.0,0.0
2022-08-29,1.3011,1.4486,-0.08970157579222929,-0.16894490272438586
2022-08-30,1.3093,1.4591,0.7222234508750974,0.6282582724277336
2022-08-31,1.313,1.4617,0.17803346252701582,0.28219520690885963
2022-09-01,1.3155,1.4732,0.7836763675663262,0.19022261775511518
2022-09-02,1.3134,1.4681,-0.3467857825495644,-0.15976267234751917
2022-09-03,1.3134,1.4681,0.0,0.0
2022-09-04,1.3134,1.4681,0.0,0.0
2022-09-05,1.3142,1.4713,0.21773159584867774,0.06089207068952727
2022-09-06,1.3153,1.4847,0.9066367922048626,0.08366610109652914
2022-09-07,1.3121,1.4773,-0.4996634298387515,-0.24358693630628225
2022-09-08,1.3092,1.4812,0.2636472711895167,-0.22126434846447338
2022-09-09,1.3031,1.4618,-1.3184016993166399,-0.46702224761651767
2022-09-10,1.3031,1.4618,0.0,0.0
2022-09-11,1.3031,1.4618,0.0,0.0
2022-09-12,1.2988,1.4517,-0.6933269578908796,-0.3305279922169383
2022-09-13,1.3168,1.4859,2.328536579491914,1.3763789694114592
2022-09-14,1.3165,1.4819,-0.2695601066168976,-0.022785098644126252
2022-09-15,1.3227,1.492,0.6792453567573388,0.46984020956374206
2022-09-16,1.3264,1.4891,-0.1945591167546717,0.27934033490289656
2022-09-17,1.3264,1.4891,0.0,0.0
2022-09-18,1.3264,1.4891,0.0,0.0
2022-09-19,1.3251,1.4866,-0.16802773049663886,-0.09805771104400628
2022-09-20,1.3365,1.495,0.5634573533593774,0.8566328308383199
2022-09-21,1.3463,1.5083,0.8856981949419661,0.7305832406215497
2022-09-22,1.3487,1.5049,-0.2256737981533688,0.17810765376226534
2022-09-23,1.3592,1.5319,1.778234422597768,0.775512583491039
2022-09-24,1.3592,1.5319,0.0,0.0
2022-09-25,1.3592,1.5319,0.0,0.0
2022-09-26,1.3735,1.549,1.1100766398218185,1.0465935177606256
2022-09-27,1.3724,1.5541,0.32870385046977724,-0.08011945510338196
2022-09-28,1.3608,1.5332,-1.3539545415166259,-0.8488269902642648
2022-09-29,1.368,1.5384,0.33858607681699776,0.5277057100843819
2022-09-30,1.3829,1.5624,1.54801852878993,1.0832924288116943
2022-10-01,1.3829,1.5624,0.0,0.0
2022-10-02,1.3829,1.5624,0.0,0.0
2022-10-03,1.3624,1.5348,-1.7823021189671877,-1.4934893122134105
2022-10-04,1.3513,1.5381,0.21478090849672427,-0.8180758304438228
2022-10-05,1.3619,1.5414,0.21432058861283063,0.7813691530871448
2022-10-06,1.3748,1.5612,1.2763661962566835,0.942748240076698
2022-10-07,1.3739,1.5687,0.47924945557348386,-0.06548550457763212
2022-10-08,1.3739,1.5687,0.0,0.0
2022-10-09,1.3739,1.5687,0.0,0.0
2022-10-10,1.3779,1.5866,1.1346111005707975,0.2907190069954918
2022-10-11,1.3797,1.5943,0.4841406545417142,0.1305483214130296
2022-10-12,1.3816,1.593,-0.08157375032711459,0.13761636184809659
2022-10-13,1.3753,1.5877,-0.33326028265827806,-0.4570358711806766
2022-10-14,1.3885,1.613,1.5809371041743094,0.9552138626192147
2022-10-15,1.3885,1.613,0.0,0.0
2022-10-16,1.3885,1.613,0.0,0.0
2022-10-17,1.3716,1.5897,-1.4550479958382883,-1.2246086158089007
2022-10-18,1.3737,1.585,-0.29609118554450237,0.15298877423942767
2022-10-19,1.3765,1.5948,0.6163929195818963,0.20362162515025814
2022-10-20,1.3765,1.5922,-0.1631628852722152,0.0
2022-10-21,1.364,1.5677,-1.5507130579992425,-0.912248617925451
2022-10-22,1.364,1.5677,0.0,0.0
2022-10-23,1.364,1.5677,0.0,0.0
2022-10-24,1.3705,1.5842,1.0469970955693848,0.47540773394329583
2022-10-25,1.3608,1.5639,-1.289684658800934,-0.7102874661188495
2022-10-26,1.3553,1.5392,-1.5919900530727977,-0.4049930059681784
2022-10-27,1.3565,1.5499,0.6927611791563125,0.08850210770163355
2022-10-28,1.3596,1.5598,0.6367195193392652,0.2282685722974493
2022-10-29,1.3596,1.5598,0.0,0.0
2022-10-30,1.3596,1.5598,0.0,0.0
2022-10-31,1.3624,1.5627,0.1857486522857785,0.20573115265176697
2022-11-01,1.363,1.5637,0.0639713430209204,0.044030234805395585
2022-11-02,1.3712,1.5744,0.6819439448524262,0.5998116146982704
2022-11-03,1.3746,1.5901,0.9922660020362328,0.2476510843989537
2022-11-04,1.3479,1.5457,-2.8320025160078375,-1.9614953943280806
2022-11-05,1.3479,1.5457,0.0,0.0
2022-11-06,1.3479,1.5457,0.0,0.0
2022-11-07,1.3494,1.5435,-0.14243172160589038,0.11122234491009741
2022-11-08,1.3427,1.5369,-0.4285164328947772,-0.4977537114662491
2022-11-09,1.3526,1.555,1.1708145000068162,0.7346154062177144
2022-11-10,1.3324,1.5109,-2.877004586753927,-1.504683882131496
2022-11-11,1.3275,1.4918,-1.2722055224732294,-0.3684353203430825
2022-11-12,1.3275,1.4918,0.0,0.0
2022-11-13,1.3275,1.4918,0.0,0.0
2022-11-14,1.3314,1.4921,0.020107912531302036,0.2933546050509439
2022-11-15,1.328,1.48,-0.8142435888215233,-0.2556969130223916
2022-11-16,1.3329,1.4834,0.22946625442970925,0.3682968573593178
2022-11-17,1.3328,1.4959,0.8391282077957612,-0.007502719739418022
2022-11-18,1.3374,1.4987,0.18700332705351444,0.344543820729998
2022-11-19,1.3374,1.4987,0.0,0.0
2022-11-20,1.3374,1.4987,0.0,0.0
2022-11-21,1.3448,1.514,1.0157089346443668,0.5517872474527807
2022-11-22,1.3374,1.5041,-0.6560442336226527,-0.5517872474527727
2022-11-23,1.3354,1.4852,-1.2645269358242526,-0.14965581961096924
2022-11-24,1.3337,1.4783,-0.46566643958808457,-0.12738377954194469
2022-11-25,1.338,1.4813,0.20273016809624136,0.32189270598249003
2022-11-26,1.338,1.4813,0.0,0.0
2022-11-27,1.338,1.4813,0.0,0.0
2022-11-28,1.3496,1.5037,1.5008656940267975,0.8632290543584707
2022-11-29,1.3579,1.4953,-0.5601881938476417,0.6131136472990686
2022-11-30,1.3412,1.4732,-1.4889950018887725,-1.2374653112675686
2022-12-01,1.3432,1.4681,-0.3467857825495644,0.14900911712576723
2022-12-02,1.3468,1.4727,0.31284029867017016,0.2676581523588444
2022-12-03,1.3468,1.4727,0.0,0.0
2022-12-04,1.3468,1.4727,0.0,0.0
2022-12-05,1.3588,1.493,1.369006780707397,0.8870548999509448
2022-12-06,1.3653,1.4952,0.14724586021627217,0.47722274042770585
2022-12-07,1.3653,1.4871,-0.5432062446715127,0.0
2022-12-08,1.3595,1.4772,-0.6679510716229728,-0.425719961818057
2022-12-09,1.3645,1.4717,-0.3730208808340981,0.3671076075867751
2022-12-10,1.3645,1.4717,0.0,0.0
2022-12-11,1.3645,1.4717,0.0,0.0
2022-12-12,1.3636,1.4825,0.7311656701813339,-0.06597998846452174
2022-12-13,1.3545,1.4588,-1.6115671937355276,-0.669587873859809
2022-12-14,1.3548,1.4569,-0.13032892745750324,0.022145941846683555
2022-12-15,1.3658,1.4919,2.37395847288523,0.8086495583372112
2022-12-16,1.3699,1.4959,0.26775569916126324,0.29974069303550727
2022-12-17,1.3699,1.4959,0.0,0.0
2022-12-18,1.3699,1.4959,0.0,0.0
2022-12-19,1.3648,1.4925,-0.22754661136581292,-0.37298467199290786
2022-12-20,1.3611,1.4975,0.334448472284735,-0.2714701399386794
2022-12-21,1.3612,1.491,-0.43500152248659346,0.007346728872266429
2022-12-22,1.3656,1.4993,0.5551296736119133,0.3227228853480245
2022-12-23,1.3599,1.4879,-0.7632602667205879,-0.4182724865317488
2022-12-24,1.3599,1.4879,0.0,0.0
2022-12-25,1.3599,1.4879,0.0,0.0
2022-12-26,1.3582,1.4866,-0.0874096542458597,-0.1250873935222254
2022-12-27,1.3523,1.4854,-0.0807537055996946,-0.43534472003769586
2022-12-28,1.3608,1.4842,-0.08081896991629711,0.6265915602337909
2022-12-29,1.3548,1.4753,-0.6014547612511891,-0.4418920138035335
2022-12-30,1.3554,1.4678,-0.5096677812558805,0.04427717583959919
2022-12-31,1.3554,1.4678,0.0,0.0
2023-01-01,1.3554,1.4678,0.0,0.0
2023-01-02,1.3573,1.4701,0.15657445589581323,0.14008186019067403
2023-01-03,1.3671,1.4865,1.1093937768231812,0.7194275634027231
2023-01-04,1.3478,1.4622,-1.6482212578936875,-1.4218074425829808
2023-01-05,1.357,1.4811,1.2842904073711405,0.68027473227524
2023-01-06,1.3444,1.4542,-1.8329133716970512,-0.9328563983918493
2023-01-07,1.3444,1.4542,0.0,0.0
2023-01-08,1.3444,1.4542,0.0,0.0
2023-01-09,1.3389,1.4468,-0.5101700138013522,-0.4099435547616751
2023-01-10,1.3426,1.4516,0.3312175260972284,0.27596512013172014
2023-01-11,1.3425,1.4484,-0.22068974474292302,-0.0074485121631390145
2023-01-12,1.3367,1.435,-0.9294649697764503,-0.43296574055923687
2023-01-13,1.3396,1.4352,0.013936311081012504,0.21671719426220667
2023-01-14,1.3396,1.4352,0.0,0.0
2023-01-15,1.3396,1.4352,0.0,0.0
2023-01-16,1.3408,1.4378,0.1809955245239386,0.08953888077690815
2023-01-17,1.3389,1.431,-0.4740666993320147,-0.14180694244846703
2023-01-18,1.3493,1.4403,0.6477924648553266,0.7737558133407674
2023-01-19,1.3466,1.4471,0.47101285389426917,-0.20030423255611018
2023-01-20,1.3381,1.4363,-0.7491191306170032,-0.6332199800237382
2023-01-21,1.3381,1.4363,0.0,0.0
2023-01-22,1.3381,1.4363,0.0,0.0
2023-01-23,1.3368,1.4228,-0.9443601363476781,-0.09719990297591964
2023-01-24,1.3369,1.4191,-0.2603893233808384,0.0074802707892857095
2023-01-25,1.3392,1.4077,-0.8065701006572226,0.17189197461340125
2023-01-26,1.3321,1.4055,-0.1564055487333046,-0.5315776377793726
2023-01-27,1.3311,1.4084,0.20611969343108877,-0.07509763044437368
2023-01-28,1.3311,1.4084,0.0,0.0
2023-01-29,1.3311,1.4084,0.0,0.0
2023-01-30,1.3387,1.4164,0.5664132956851294,0.5693325738878566
2023-01-31,1.3306,1.4174,0.07057661384069751,-0.6069025484064836
2023-02-01,1.3291,1.4012,-1.149519505282392,-0.11279468805001434
2023-02-02,1.3316,1.4131,0.845686026536875,0.18792052735827341
2023-02-03,1.3397,1.4446,2.2046594028046096,0.6064481582070238
2023-02-04,1.3397,1.4446,0.0,0.0
2023-02-05,1.3397,1.4446,0.0,0.0
2023-02-06,1.3446,1.4528,0.5660262230282461,0.36508627519962505
2023-02-07,1.3399,1.4369,-1.1004713611867887,-0.35015867403739814
2023-02-08,1.3447,1.444,0.4929025217610573,0.3575955535261786
2023-02-09,1.3454,1.4417,-0.15940676349134422,0.052042676168116635
2023-02-10,1.3344,1.4457,0.27706604965385895,-0.8209613987023026
2023-02-11,1.3344,1.4457,0.0,0.0
2023-02-12,1.3344,1.4457,0.0,0.0
2023-02-13,1.3332,1.4356,-0.7010753040944564,-0.0899685170897796
2023-02-14,1.3337,1.4314,-0.2929893968955092,0.03749671947644092
2023-02-15,1.3394,1.4486,1.194458645672853,0.42647178476009007
2023-02-16,1.3458,1.4537,0.3514457671053486,0.4766879278267907
2023-02-17,1.3473,1.4536,-0.006879235031772581,0.11139580075842011
2023-02-18,1.3473,1.4536,0.0,0.0
2023-02-19,1.3473,1.4536,0.0,0.0
2023-02-20,1.3453,1.4476,-0.4136225392374051,-0.148555327030485
2023-02-21,1.3538,1.4591,0.7912794580389472,0.6298416583010071
2023-02-22,1.3552,1.4698,0.730652982479411,0.1033591823282692
2023-02-23,1.3549,1.4688,-0.06805962285447412,-0.022139404540447293
2023-02-24,1.3611,1.4869,1.2247674836951479,0.4565545485642514
2023-02-25,1.3611,1.4869,0.0,0.0
2023-02-26,1.3611,1.4869,0.0,0.0
2023-02-27,1.3575,1.4839,-0.20196586910968617,-0.2648423529937449
2023-02-28,1.3647,1.4861,0.14814817524428803,0.5289851435977684
2023-03-01,1.3594,1.4791,-0.4721444087199332,-0.3891198331530305
2023-03-02,1.3597,1.4859,0.45868545849772535,0.022066124910247915
2023-03-03,1.3598,1.4772,-0.5872245283893496,0.00735429307188279
2023-03-04,1.3598,1.4772,0.0,0.0
2023-03-05,1.3598,1.4772,0.0,0.0
2023-03-06,1.3613,1.4859,0.5872245283893535,0.11024954260682737
2023-03-07,1.3754,1.5188,2.189990009534559,1.0304472367308366
2023-03-08,1.3805,1.5177,-0.07245183916470849,0.37011544844733707
2023-03-09,1.3828,1.5174,-0.019768706202562183,0.16646766772603022
2023-03-10,1.3832,1.5199,0.16461992984410145,0.028922632161124794
2023-03-11,1.3832,1.5199,0.0,0.0
2023-03-12,1.3832,1.5199,0.0,0.0
2023-03-13,1.3731,1.4998,-1.3312777335126555,-0.7328698041374643
2023-03-14,1.3686,1.4965,-0.22027175745354838,-0.3282637809308654
2023-03-15,1.3768,1.5107,0.9444071256925644,0.5973646378932271
2023-03-16,1.3721,1.5024,-0.550929009568072,-0.34195529702000954
2023-03-17,1.3731,1.4932,-0.6142361413569589,0.07285444005765637
2023-03-18,1.3731,1.4932,0.0,0.0
2023-03-19,1.3731,1.4932,0.0,0.0
2023-03-20,1.3664,1.4885,-0.3152566584597792,-0.4891413293400671
2023-03-21,1.3713,1.4995,0.736281773323289,0.3579650971502968
2023-03-22,1.3731,1.4959,-0.24036868086485513,0.13117623218977262
2023-03-23,1.3715,1.4962,0.02005280578892809,-0.1165925950048173
2023-03-24,1.3744,1.5049,0.5797890354368247,0.21122408523330327
2023-03-25,1.3744,1.5049,0.0,0.0
2023-03-26,1.3744,1.5049,0.0,0.0
2023-03-27,1.3661,1.5036,-0.08642181026498812,-0.6057307336549494
2023-03-28,1.3601,1.4906,-0.8683509242429591,-0.44017384547337807
2023-03-29,1.3559,1.4961,0.3682998772593188,-0.3092785970444161
2023-03-30,1.3523,1.4898,-0.4219839478010663,-0.26585939889494076
2023-03-31,1.3516,1.4958,0.4019298015391304,-0.05177706391793871
2023-04-01,1.3516,1.4958,0.0,0.0
2023-04-02,1.3516,1.4958,0.0,0.0
2023-04-03,1.3437,1.4737,-1.4884935538349982,-0.5862072958770774
2023-04-04,1.3445,1.4812,0.5076324820240363,0.059519382755541715
2023-04-05,1.3458,1.4881,0.46475683965468756,0.0966435045298384
2023-04-06,1.3493,1.4988,0.7164649483527603,0.2597307682523853
2023-04-07,1.3512,1.4988,0.0,0.14071470568487504
2023-04-08,1.3512,1.4988,0.0,0.0
2023-04-09,1.3512,1.4988,0.0,0.0
2023-04-10,1.3509,1.5058,0.4659530496489774,-0.02220495179546047
2023-04-11,1.3467,1.5029,-0.19277434759733048,-0.31138815196395586
2023-04-12,1.3442,1.4946,-0.5537962443858918,-0.18581149201305677
2023-04-13,1.3337,1.4746,-1.3471845940639542,-0.7842005907516565
2023-04-14,1.3374,1.491,1.1060269209188345,0.27703959915292753
2023-04-15,1.3374,1.491,0.0,0.0
2023-04-16,1.3374,1.491,0.0,0.0
2023-04-17,1.3394,1.4923,0.08715181726838993,0.14943218560715948
2023-04-18,1.339,1.487,-0.3557886477267162,-0.0298685784777246
2023-04-19,1.346,1.4896,0.1746960062647409,0.5214164513500724
2023-04-20,1.3477,1.483,-0.4440564384870462,0.12622045704402193
2023-04-21,1.3537,1.4944,0.7657725336646084,0.44421484166268693
2023-04-22,1.3537,1.4944,0.0,0.0
2023-04-23,1.3537,1.4944,0.0,0.0
2023-04-24,1.3541,1.4934,-0.06693888729767754,0.029544279703795272
2023-04-25,1.3627,1.5092,1.052430948855418,0.6330998766996707
2023-04-26,1.3636,1.5145,0.3505642377136615,0.06602355079729719
2023-04-27,1.3592,1.5082,-0.41684646987453206,-0.3231969906025739
2023-04-28,1.3552,1.5117,0.23179585861154922,-0.29472464599322806
2023-04-29,1.3552,1.5117,0.0,0.0
2023-04-30,1.3552,1.5117,0.0,0.0
2023-05-01,1.3544,1.5082,-0.23179585861155325,-0.059049307886432166
2023-05-02,1.3626,1.5008,-0.4918587516586447,0.6036087520642216
2023-05-03,1.3615,1.4991,-0.11333712336911025,-0.0807606225753518
2023-05-04,1.3539,1.4941,-0.3340909161229999,-0.5597716612748961
2023-05-05,1.3375,1.4817,-0.8333941642350314,-1.2187116730903758
2023-05-06,1.3375,1.4817,0.0,0.0
2023-05-07,1.3375,1.4817,0.0,0.0
2023-05-08,1.3374,1.4744,-0.49389498590753655,-0.0074769150283396524
2023-05-09,1.3384,1.4789,0.30474408171099265,0.07474400527360188
2023-05-10,1.3372,1.475,-0.2640578398803222,-0.08969951266707415
2023-05-11,1.3491,1.492,1.1459511989786,0.8859827898827966
2023-05-12,1.355,1.5048,0.8542497223114345,0.436375086902994
2023-05-13,1.355,1.5048,0.0,0.0
2023-05-14,1.355,1.5048,0.0,0.0
2023-05-15,1.3467,1.4925,-0.8207432720063489,-0.6144298857805154
2023-05-16,1.3482,1.5025,0.6677821142605448,0.111321396334232
2023-05-17,1.3455,1.5016,-0.05991811370635543,-0.20046782523781217
2023-05-18,1.3503,1.5102,0.5710886097026046,0.3561098800036389
2023-05-19,1.3505,1.5036,-0.43798596793022176,0.014810426567355204
2023-05-20,1.3505,1.5036,0.0,0.0
2023-05-21,1.3505,1.5036,0.0,0.0
2023-05-22,1.3505,1.5032,-0.02660635907672964,0.0
2023-05-23,1.3504,1.5129,0.643216965153352,-0.007404939097762853
2023-05-24,1.3595,1.5282,1.0062233462677177,0.6716140230832658
2023-05-25,1.3642,1.5372,0.5872007477222589,0.34511911480936674
2023-05-26,1.3615,1.5345,-0.17579846308979546,-0.1981143106804833
2023-05-27,1.3615,1.5345,0.0,0.0
2023-05-28,1.3615,1.5345,0.0,0.0
2023-05-29,1.3592,1.5293,-0.33944807057130805,-0.16907417560919674
2023-05-30,1.3602,1.5344,0.3329310775096018,0.07354563838162274
2023-05-31,1.3574,1.5378,0.22133984689067188,-0.20606424718804334
2023-06-01,1.3449,1.5219,-1.039326935732649,-0.9251444440154475
2023-06-02,1.3425,1.5128,-0.5997315896506338,-0.17861134464836773
2023-06-03,1.3425,1.5128,0.0,0.0
2023-06-04,1.3425,1.5128,0.0,0.0
2023-06-05,1.3445,1.5112,-0.10582011569478506,0.14886493258996056
2023-06-06,1.3403,1.499,-0.8105818084702078,-0.3128727224468421
2023-06-07,1.337,1.5033,0.28644725311910313,-0.2465171382507899
2023-06-08,1.3357,1.489,-0.9557937949779655,-0.09727991188834122
2023-06-09,1.334,1.4833,-0.383541835444234,-0.12735515074906378
2023-06-10,1.334,1.4833,0.0,0.0
2023-06-11,1.334,1.4833,0.0,0.0
2023-06-12,1.3368,1.4814,-0.1281748750377839,0.20967508056148187
2023-06-13,1.3318,1.4778,-0.2433091224641666,-0.37472876046618403
2023-06-14,1.3324,1.4715,-0.42722066810197595,0.04504166430025069
2023-06-15,1.3223,1.4525,-1.2996078947461238,-0.7609182756747388
2023-06-16,1.32,1.4545,0.1375989209190008,-0.1740907982360572
2023-06-17,1.32,1.4545,0.0,0.0
2023-06-18,1.32,1.4545,0.0,0.0
2023-06-19,1.321,1.4597,0.35687362012760687,0.07572889419087576
2023-06-20,1.3235,1.4738,0.9613164196366465,0.18907171448305837
2023-06-21,1.3164,1.4712,-0.17657050427876025,-0.5379004597970954
2023-06-22,1.3151,1.4802,0.6098819473254606,-0.09880297212657538
2023-06-23,1.3183,1.4971,1.1352689692425004,0.2430319416005011
2023-06-24,1.3183,1.4971,0.0,0.0
2023-06-25,1.3183,1.4971,0.0,0.0
2023-06-26,1.3155,1.4981,0.06677350675451671,-0.21262062835769754
2023-06-27,1.3192,1.4956,-0.16701744203775953,0.2808670765041791
2023-06-28,1.3258,1.5151,1.295397926283106,0.49905585619022313
2023-06-29,1.3252,1.5114,-0.24450697791701553,-0.045265938155052816
2023-06-30,1.3242,1.5006,-0.7171345474991239,-0.07548879349950209
2023-07-01,1.3242,1.5006,0.0,0.0
2023-07-02,1.3242,1.5006,0.0,0.0
2023-07-03,1.325,1.4987,-0.12669624606779503,0.06039559295768296
2023-07-04,1.3223,1.4943,-0.2940195903602964,-0.20398148575453387
2023-07-05,1.3282,1.5027,0.5605620284333458,0.4451997543836188
2023-07-06,1.3368,1.5093,0.43824771337018814,0.6454056174570615
2023-07-07,1.3274,1.4948,-0.9653548554053855,-0.7056556569359398
2023-07-08,1.3274,1.4948,0.0,0.0
2023-07-09,1.3274,1.4948,0.0,0.0
2023-07-10,1.328,1.498,0.21384664658359778,0.04519093245547801
2023-07-11,1.3231,1.4956,-0.16034209742061536,-0.36965829880139295
2023-07-12,1.3187,1.4733,-1.5022681389650074,-0.33310652347119
2023-07-13,1.311,1.4516,-1.4838386374393366,-0.5856198049953626
2023-07-14,1.3216,1.4624,0.7412525360970224,0.8052919003013992
2023-07-15,1.3216,1.4624,0.0,0.0
2023-07-16,1.3216,1.4624,0.0,0.0
2023-07-17,1.3199,1.4671,0.3208741445712925,-0.12871476318047845
2023-07-18,1.3169,1.4681,0.06813845998163434,-0.22754864187345247
2023-07-19,1.3164,1.4767,0.5840820734313543,-0.03797516469895145
2023-07-20,1.3172,1.4751,-0.10840843937247371,0.060753343302438506
2023-07-21,1.3224,1.486,0.7362162191701007,0.3939996004605185
2023-07-22,1.3224,1.486,0.0,0.0
2023-07-23,1.3224,1.486,0.0,0.0
2023-07-24,1.3168,1.4838,-0.14815815222789663,-0.4243716584009117
2023-07-25,1.3172,1.4723,-0.7780560884062754,0.030372057940376427
2023-07-26,1.3208,1.4798,0.5081139620087733,0.27293421037089705
2023-07-27,1.3224,1.4905,0.7204690626675461,0.12106539008961843
2023-07-28,1.3237,1.5037,0.8817103410148387,0.0982578212910675
2023-07-29,1.3237,1.5037,0.0,0.0
2023-07-30,1.3237,1.5037,0.0,0.0
2023-07-31,1.319,1.4887,-1.0025481645263008,-0.35569720024105894
2023-08-01,1.3281,1.5121,1.559615723561204,0.6875475688890477
2023-08-02,1.335,1.5295,1.1441471472334788,0.518194242814479
2023-08-03,1.3353,1.5266,-0.18978442265882495,0.022469385556836825
2023-08-04,1.3379,1.522,-0.30177809427387864,0.19452347896554
2023-08-05,1.3379,1.522,0.0,0.0
2023-08-06,1.3379,1.522,0.0,0.0
2023-08-07,1.337,1.5213,-0.04600269525480492,-0.06729223776305769
2023-08-08,1.3419,1.5281,0.44599011421284546,0.3658222004969103
2023-08-09,1.3419,1.5318,0.24183808642816526,0.0
2023-08-10,1.3449,1.5349,0.2021717843869069,0.22331407225912284
2023-08-11,1.344,1.5394,0.29274977808548625,-0.06694187464085252
2023-08-12,1.344,1.5394,0.0,0.0
2023-08-13,1.344,1.5394,0.0,0.0
2023-08-14,1.3461,1.5415,0.13632382259879902,0.15612805669524105
2023-08-15,1.3498,1.5492,0.49827003143919435,0.2744910659258705
2023-08-16,1.3533,1.5566,0.4765286884690811,0.2589620773153709
2023-08-17,1.3546,1.5616,0.32069811335403675,0.09601536983435086
2023-08-18,1.3553,1.5609,-0.04483586944606613,0.05166242411670047
2023-08-19,1.3553,1.5609,0.0,0.0
2023-08-20,1.3553,1.5609,0.0,0.0
2023-08-21,1.3544,1.559,-0.12179879065910404,-0.0664280203044601
2023-08-22,1.355,1.5569,-0.13479253621476334,0.04429024948757467
2023-08-23,1.3526,1.5431,-0.8903284618469812,-0.17727881729617195
2023-08-24,1.3582,1.5583,0.9802103374409692,0.4131627538851522
2023-08-25,1.3601,1.5616,0.21154532072592958,0.13979327590166638
2023-08-26,1.3601,1.5616,0.0,0.0
2023-08-27,1.3601,1.5616,0.0,0.0
2023-08-28,1.3599,1.5554,-0.3978189397985246,-0.014705882379439003
2023-08-29,1.3552,1.5431,-0.7939367183683831,-0.34621227171234525
2023-08-30,1.3532,1.5444,0.08421053129223112,-0.14768869912365395
2023-08-31,1.3508,1.5422,-0.1425516991221061,-0.17751483951407204
2023-09-01,1.3592,1.549,0.4399593018008319,0.6199281846309518
2023-09-02,1.3592,1.549,0.0,0.0
2023-09-03,1.3592,1.549,0.0,0.0
2023-09-04,1.3591,1.5477,-0.08396034981545991,-0.007357539642065718
2023-09-05,1.3642,1.5677,1.2839619155771482,0.3745460259317451
2023-09-06,1.3636,1.5669,-0.05104319641227188,-0.04399149568710381
2023-09-07,1.3685,1.5684,0.09568463078138364,0.3586988216985858
2023-09-08,1.364,1.5683,-0.006376127779757031,-0.3293690077326351
2023-09-09,1.364,1.5683,0.0,0.0
2023-09-10,1.364,1.5683,0.0,0.0
2023-09-11,1.3573,1.555,-0.8516684527044494,-0.49241270994880676
2023-09-12,1.3553,1.5561,0.07071454121296797,-0.1474600281949213
2023-09-13,1.3549,1.5573,0.07708614758287112,-0.029518116958480584
2023-09-14,1.3508,1.5528,-0.289379964649251,-0.30306413409727456
2023-09-15,1.3525,1.5548,0.12871671232675147,0.12577222092240253
2023-09-16,1.3525,1.5548,0.0,0.0
2023-09-17,1.3525,1.5548,0.0,0.0
2023-09-18,1.3486,1.5535,-0.08364701449659481,-0.28877144201550586
2023-09-19,1.3448,1.5495,-0.2578151605299146,-0.2821714206075706
2023-09-20,1.3462,1.5509,0.09031093376041642,0.10405054822070277
2023-09-21,1.3483,1.5586,0.4952574844053341,0.15587310634160637
2023-09-22,1.3483,1.5525,-0.39214476018267114,0.0
2023-09-23,1.3483,1.5525,0.0,0.0
2023-09-24,1.3483,1.5525,0.0,0.0
2023-09-25,1.3454,1.5567,0.27016612341697605,-0.2153173048523542
2023-09-26,1.3517,1.5633,0.423077554147487,0.4671692898276679
2023-09-27,1.3498,1.5741,0.6884708777497233,-0.1406626180475747
2023-09-28,1.3487,1.5559,-1.1629524039858727,-0.08152677864942591
2023-09-29,1.3577,1.554,-0.12219043933242625,0.6650926083423666
2023-09-30,1.3577,1.554,0.0,0.0
2023-10-01,1.3577,1.554,0.0,0.0
2023-10-02,1.3676,1.5715,1.1198325310029535,0.7265287158910656
2023-10-03,1.3708,1.5868,0.9688832402552914,0.23371322353075985
2023-10-04,1.3745,1.581,-0.3661851430703061,0.26955176048465906
2023-10-05,1.3705,1.5698,-0.7109335516758583,-0.2914391862459881
2023-10-06,1.3661,1.566,-0.24236251419649302,-0.3215671849399024
2023-10-07,1.3661,1.566,0.0,0.0
2023-10-08,1.3661,1.566,0.0,0.0
2023-10-09,1.359,1.5599,-0.39028809259254316,-0.5210829742297854
2023-10-10,1.3583,1.5548,-0.3274796646754923,-0.051521732269864354
2023-10-11,1.3593,1.5591,0.27618117044378454,0.07359435127571434
2023-10-12,1.369,1.5838,1.571829109380636,0.7110684947246714
2023-10-13,1.366,1.5883,0.28372390647972795,-0.21937851577134393
2023-10-14,1.366,1.5883,0.0,0.0
2023-10-15,1.366,1.5883,0.0,0.0
2023-10-16,1.3611,1.5767,-0.7330206597673363,-0.3593564792707596
2023-10-17,1.3648,1.5711,-0.35580442898843917,0.271470139938672
2023-10-18,1.3716,1.5782,0.4508946133383033,0.4970043851350443
2023-10-19,1.3719,1.58,0.11398899340777763,0.02186987433538621
2023-10-20,1.3715,1.5837,0.23390344766678087,-0.029160895446120272
2023-10-21,1.3715,1.5837,0.0,0.0
2023-10-22,1.3715,1.5837,0.0,0.0
2023-10-23,1.3691,1.5782,-0.34789244107457007,-0.17514417379475788
2023-10-24,1.3741,1.5735,-0.29825195824731954,0.3645381698018356
2023-10-25,1.3797,1.5851,0.7345059299385334,0.4067112876258938
2023-10-26,1.3831,1.5818,-0.20840577185300127,0.2461272416674524
2023-10-27,1.387,1.5785,-0.20884100872706124,0.28157846841693807
2023-10-28,1.387,1.5785,0.0,0.0
2023-10-29,1.387,1.5785,0.0,0.0
2023-10-30,1.3826,1.5688,-0.6164033115909815,-0.31773568036669814
2023-10-31,1.3875,1.578,0.5847226523683049,0.35377821094247736
2023-11-01,1.3856,1.5641,-0.8847643725623744,-0.1370307812418874
2023-11-02,1.3739,1.5542,-0.6349634905054006,-0.8479847878268261
2023-11-03,1.3658,1.5354,-1.2170010381343697,-0.5913073402913693
2023-11-04,1.3658,1.5354,0.0,0.0
2023-11-05,1.3658,1.5354,0.0,0.0
2023-11-06,1.37,1.5411,0.37055137475336286,0.3070402295181758
2023-11-07,1.3767,1.5536,0.807837139572871,0.4878591246726827
2023-11-08,1.3792,1.562,0.5392232862570867,0.18142898405312033
2023-11-09,1.3808,1.5707,0.5554328449355429,0.11594204197349384
2023-11-10,1.3801,1.5721,0.08909253484816977,-0.05070810351690875
2023-11-11,1.3801,1.5721,0.0,0.0
2023-11-12,1.3801,1.5721,0.0,0.0
2023-11-13,1.3805,1.5682,-0.2483840400646641,0.028979207621472335
2023-11-14,1.3693,1.5367,-2.0291204735534896,-0.8146092032021179
2023-11-15,1.3683,1.5364,-0.01952425895369375,-0.07305669524234563
2023-11-16,1.3755,1.5456,0.5970166986503975,0.5248207978864612
2023-11-17,1.3723,1.5349,-0.694695213889131,-0.23291370890416488
2023-11-18,1.3723,1.5349,0.0,0.0
2023-11-19,1.3723,1.5349,0.0,0.0
2023-11-20,1.3725,1.5252,-0.6339683335953717,0.014573010809822842
2023-11-21,1.3701,1.5254,0.013112174672963044,-0.1750164524622717
2023-11-22,1.3687,1.5284,0.19647658426065034,-0.10223456418424132
2023-11-23,1.3696,1.525,-0.22270265312328819,0.06573421702569286
2023-11-24,1.3636,1.5186,-0.4205552262378634,-0.439046512372958
2023-11-25,1.3636,1.5186,0.0,0.0
2023-11-26,1.3636,1.5186,0.0,0.0
2023-11-27,1.3616,1.5136,-0.32979384815194823,-0.14677824446383717
2023-11-28,1.3574,1.504,-0.6362693787828769,-0.308937354945171
2023-11-29,1.3589,1.5112,0.4775811677514683,0.11044436567939023
2023-11-30,1.3561,1.5139,0.17850654305332647,-0.20626158325521288
2023-12-01,1.3497,1.4982,-1.0424715104050564,-0.47305875786634266
2023-12-02,1.3497,1.4982,0.0,0.0
2023-12-03,1.3497,1.4982,0.0,0.0
2023-12-04,1.3537,1.5106,0.8242535365565079,0.29592386765042344
2023-12-05,1.3592,1.5263,1.033958304172869,0.40547071659817435
2023-12-06,1.3593,1.527,0.04585202975560756,0.007356998347995554
2023-12-07,1.3599,1.5147,-0.8087626685652765,0.0441306273711074
2023-12-08,1.3583,1.52,0.3492935307342383,-0.11772497864682681
2023-12-09,1.3583,1.52,0.0,0.0
2023-12-10,1.3583,1.52,0.0,0.0
2023-12-11,1.3574,1.5226,0.17090650317901668,-0.06628125587871703
2023-12-12,1.3591,1.5245,0.12470875561972998,0.12516106916437708
2023-12-13,1.3518,1.5011,-1.546831476217895,-0.5385678295047917
2023-12-14,1.3407,1.4927,-0.5611612026936581,-0.8245172058738105
2023-12-15,1.338,1.4927,0.0,-0.20159039193416478
2023-12-16,1.338,1.4927,0.0,0.0
2023-12-17,1.338,1.4927,0.0,0.0
2023-12-18,1.3399,1.4911,-0.10724580423321586,0.1419022606388509
2023-12-19,1.3333,1.4787,-0.8350779217420076,-0.4937912173149729
2023-12-20,1.3369,1.4858,0.47900243382640784,0.2696428867664046
2023-12-21,1.3283,1.4701,-1.062292204778537,-0.6453571850619155
2023-12-22,1.327,1.4707,0.04080522363473235,-0.09791738062501752
2023-12-23,1.327,1.4707,0.0,0.0
2023-12-24,1.327,1.4707,0.0,0.0
2023-12-25,1.3257,1.4714,0.04758505918961548,-0.09801335274033982
2023-12-26,1.3195,1.4653,-0.4154328854184609,-0.4687744861425318
2023-12-27,1.3208,1.4605,-0.32811568161838445,0.09847366625395598
2023-12-28,1.3229,1.4642,0.2530175384746648,0.15886828624160526
2023-12-29,1.3243,1.4681,0.2660029532872273,0.10577214645843104
2023-12-30,1.3243,1.4681,0.0,0.0
2023-12-31,1.3243,1.4681,0.0,0.0
2024-01-01,1.3239,1.4678,-0.02043666344522149,-0.03020919893074549
2024-01-02,1.3321,1.479,0.7601502599837467,0.6174718413805952
2024-01-03,1.3353,1.4854,0.4317912524396267,0.23993413325011648
2024-01-04,1.335,1.491,0.3762939529542289,-0.022469385556843774
2024-01-05,1.3363,1.4897,-0.0872278379191163,0.09733089526654533
2024-01-06,1.3363,1.4897,0.0,0.0
2024-01-07,1.3363,1.4897,0.0,0.0
2024-01-08,1.3348,1.4881,-0.10746189495427531,-0.11231329097963574
2024-01-09,1.339,1.4954,0.48935911298107576,0.31415988139535783
2024-01-10,1.3381,1.4926,-0.1874163868528208,-0.06723693802293558
2024-01-11,1.3395,1.4953,0.18072898925110661,0.10457126737201031
2024-01-12,1.341,1.4958,0.0334325167769113,0.11191942970150323
2024-01-13,1.341,1.4958,0.0,0.0
2024-01-14,1.341,1.4958,0.0,0.0
2024-01-15,1.3428,1.5014,0.3736825381334729,0.13413818242013112
2024-01-16,1.3495,1.5188,1.152254321874526,0.4977167352179483
2024-01-17,1.3506,1.5262,0.4860436497885579,0.08147846826823106
2024-01-18,1.3487,1.5214,-0.3150022292331904,-0.14077726179297123
2024-01-19,1.3429,1.5158,-0.3687611185272099,-0.4309710935682369
2024-01-20,1.3429,1.5158,0.0,0.0
2024-01-21,1.3429,1.5158,0.0,0.0
2024-01-22,1.3479,1.5221,0.4147607907692333,0.3716371157094537
2024-01-23,1.3462,1.5199,-0.14464170832056517,-0.12620171676113012
2024-01-24,1.3524,1.5204,0.03289149126780171,0.45949832571180826
2024-01-25,1.3475,1.5186,-0.11846003359602975,-0.36297680505788354
2024-01-26,1.3453,1.5209,0.1513407099189557,-0.16339872916550238
2024-01-27,1.3453,1.5209,0.0,0.0
2024-01-28,1.3453,1.5209,0.0,0.0
2024-01-29,1.3414,1.5126,-0.5472240456393854,-0.2903191825860386
2024-01-30,1.3398,1.5146,0.13213532577932707,-0.11934955914695579
2024-01-31,1.3435,1.5226,0.5268022192390027,0.2757799981378513
2024-02-01,1.3386,1.5216,-0.06569870809862412,-0.36538573890040377
2024-02-02,1.3463,1.5356,0.9158771335516727,0.5735797318647331
2024-02-03,1.3463,1.5356,0.0,0.0
2024-02-04,1.3463,1.5356,0.0,0.0
2024-02-05,1.354,1.5425,0.4483292652900092,0.5703085487031185
2024-02-06,1.3492,1.5329,-0.6243110607481251,-0.3551350284725217
2024-02-07,1.3463,1.5337,0.05217504846726269,-0.21517352023059663
2024-02-08,1.3458,1.5404,0.4359006284019575,-0.03714572309714454
2024-02-09,1.346,1.5328,-0.49459947241577995,0.01485994504553762
2024-02-10,1.346,1.5328,0.0,0.0
2024-02-11,1.346,1.5328,0.0,0.0
2024-02-12,1.3451,1.5312,-0.10443865179062735,-0.06688714901373612
2024-02-13,1.3564,1.5495,1.1880556529113304,0.8365771536947659
2024-02-14,1.3544,1.5406,-0.5760347308937597,-0.14755794325580293
2024-02-15,1.3465,1.5326,-0.5206311382561449,-0.5849918567271936
2024-02-16,1.3485,1.5311,-0.09792082252544972,0.14842303281311625
2024-02-17,1.3485,1.5311,0.0,0.0
2024-02-18,1.3485,1.5311,0.0,0.0
2024-02-19,1.3491,1.529,-0.13725043819871358,0.0444839864986634
2024-02-20,1.3523,1.527,-0.13089007104298386,0.23691430345428766
2024-02-21,1.3506,1.5264,-0.03930045246102828,-0.12579083385725684
2024-02-22,1.3482,1.5251,-0.08520400318840651,-0.177856872140299
2024-02-23,1.3505,1.5238,-0.08527666232286935,0.17045248133317487
2024-02-24,1.3505,1.5238,0.0,0.0
2024-02-25,1.3505,1.5238,0.0,0.0
2024-02-26,1.3505,1.529,0.34067118901530397,0.0
2024-02-27,1.3528,1.5282,-0.052335471559592124,0.17016243517003646
2024-02-28,1.3577,1.5394,0.7302157886750723,0.3615573021864883
2024-02-29,1.3579,1.5391,-0.019490011430884687,0.01472970985135365
2024-03-01,1.3561,1.5321,-0.45584866642003213,-0.13264556108493844
2024-03-02,1.3561,1.5321,0.0,0.0
2024-03-03,1.3561,1.5321,0.0,0.0
2024-03-04,1.3574,1.5362,0.26724912428736325,0.09581721757582454
2024-03-05,1.3593,1.5377,0.09759589570657033,0.13987560715441263
2024-03-06,1.3514,1.5234,-0.9343114582959446,-0.5828769223127983
2024-03-07,1.3459,1.5106,-0.8437756059340287,-0.40781578784041755
2024-03-08,1.3483,1.5097,-0.05959673056571216,0.1781605400358885
2024-03-09,1.3483,1.5097,0.0,0.0
2024-03-10,1.3483,1.5097,0.0,0.0
2024-03-11,1.3483,1.512,0.1522322165787965,0.0
2024-03-12,1.3491,1.5138,0.11897681355887509,0.05931638047423505
2024-03-13,1.3471,1.5103,-0.2314739302771146,-0.1483569740249115
2024-03-14,1.3533,1.5195,0.6073026784551935,0.45919203779377465
2024-03-15,1.3542,1.5244,0.3219556642857286,0.0664819969085137
2024-03-16,1.3542,1.5244,0.0,0.0
2024-03-17,1.3542,1.5244,0.0,0.0
2024-03-18,1.3534,1.5245,0.006559742860424687,-0.05909292534199317
2024-03-19,1.3567,1.5309,0.4189310309725942,0.2435335693137858
2024-03-20,1.3492,1.5183,-0.8264509849893424,-0.5543456303767769
2024-03-21,1.3531,1.5221,0.24996723974791327,0.28864320821033257
2024-03-22,1.3604,1.5349,0.8374272033741263,0.5380517863441872
2024-03-23,1.3604,1.5349,0.0,0.0
2024-03-24,1.3604,1.5349,0.0,0.0
2024-03-25,1.3586,1.5291,-0.3785905305256685,-0.13240163758388707
2024-03-26,1.3584,1.5307,0.10458200835557709,-0.014722120011862782
2024-03-27,1.3568,1.5303,-0.026135250067094183,-0.11785505194442526
2024-03-28,1.354,1.5347,0.2871127584058621,-0.20658115654182493
2024-03-29,1.354,1.5336,-0.07170094496143566,0.0
2024-03-30,1.354,1.5336,0.0,0.0
2024-03-31,1.354,1.5336,0.0,0.0
2024-04-01,1.357,1.541,0.48136435886809514,0.22132063626486612
2024-04-02,1.3567,1.5342,-0.4422483794919797,-0.022110034360621776
2024-04-03,1.3527,1.5233,-0.71300383825405,-0.2952685396114705
2024-04-04,1.3543,1.518,-0.34853551870801946,0.11821205661774724
2024-04-05,1.359,1.5201,0.13824431943986396,0.34644194898180447
